{
    "hp": 100.0,
    "mp": 50,
    "position": {
        "x": 12.764942169189453,
        "y": 0.0,
        "z": 11.920601844787598
    }
}