{
    "hp": 100.0,
    "mp": 50,
    "position": {
        "x": 6.365077495574951,
        "y": 0.5,
        "z": 8.966439247131348
    }
}