{
    "hp": 100.0,
    "mp": 50,
    "position": {
        "x": 3.8575825691223145,
        "y": 0.0,
        "z": 3.0516977310180664
    }
}