{
    "player": {
        "position": {
            "x": 2.092437982559204,
            "y": 0.5,
            "z": 0.3378381133079529
        }
    },
    "time": {
        "gameTime": 16570
    }
}