{
    "player": {
        "position": {
            "x": 0.47392910718917847,
            "y": 0.8086013793945313,
            "z": 0.4257631003856659
        }
    },
    "time": {
        "gameTime": 4946292
    }
}