{
    "player": {
        "position": {
            "x": -427.99725341796875,
            "y": -307.2472839355469
        }
    },
    "time": {
        "gameTime": 324741
    }
}