{
    "player": {
        "position": {
            "x": 3.485570192337036,
            "y": 0.5,
            "z": 2.9889564514160156
        }
    },
    "time": {
        "gameTime": 2825
    }
}