{
    "player": {
        "position": {
            "x": 4.259979724884033,
            "y": 0.5,
            "z": -1.018438458442688
        }
    },
    "time": {
        "gameTime": 37393
    }
}