{
    "player": {
        "position": {
            "x": 0.930952787399292,
            "y": 0.5,
            "z": -0.06402114033699036
        }
    },
    "time": {
        "gameTime": 18423
    }
}