{
    "player": {
        "position": {
            "x": -316.70904541015625,
            "y": -338.4421081542969
        }
    },
    "time": {
        "gameTime": 2010
    }
}