{
    "player": {
        "position": {
            "x": -21.025753021240234,
            "y": 0.5,
            "z": -20.07237434387207
        }
    },
    "time": {
        "gameTime": 4041
    }
}