{
    "player": {
        "position": {
            "x": 2.5995681285858154,
            "y": 0.5,
            "z": -0.05754869058728218
        }
    },
    "time": {
        "gameTime": 13659
    }
}